{"cameraMode":{"drawMode":0,"name":"Shaded","section":"Shading Mode"},"sceneLighting":true,"audioPlay":false,"sceneViewState":{"showFog":true,"showMaterialUpdate":false,"showSkybox":true,"showFlares":true,"showImageEffects":true,"showParticleSystems":true},"in2DMode":false,"pivot":{"x":8.0,"y":-0.07000017166137696,"z":0.2580002546310425},"rotation":{"x":0.37899497151374819,"y":0.48887503147125246,"z":-0.24857638776302339,"w":0.7453685402870178},"size":12.425601959228516,"orthographic":false}