{"cameraMode":{"drawMode":0,"name":"Shaded","section":"Shading Mode"},"sceneLighting":true,"audioPlay":false,"sceneViewState":{"showFog":true,"showMaterialUpdate":false,"showSkybox":true,"showFlares":true,"showImageEffects":true,"showParticleSystems":true},"in2DMode":false,"pivot":{"x":0.4101422429084778,"y":0.09411260485649109,"z":1.9953186511993409},"rotation":{"x":0.16935387253761292,"y":0.0502396859228611,"z":-0.008644352667033673,"w":0.9842363595962524},"size":0.37795501947402956,"orthographic":false}