{"cameraMode":{"drawMode":0,"name":"Shaded","section":"Shading Mode"},"sceneLighting":false,"audioPlay":false,"sceneViewState":{"showFog":true,"showMaterialUpdate":false,"showSkybox":false,"showFlares":true,"showImageEffects":true,"showParticleSystems":true},"in2DMode":false,"pivot":{"x":0.3657616972923279,"y":1.549662470817566,"z":893.0093383789063},"rotation":{"x":-0.16493409872055055,"y":-0.5622512698173523,"z":0.11562047898769379,"w":-0.8020612597465515},"size":9.294315338134766,"orthographic":false}